{"cameraMode":{"drawMode":0,"name":"Shaded","section":"Shading Mode"},"sceneLighting":true,"audioPlay":false,"sceneViewState":{"m_AlwaysRefresh":false,"showFog":true,"showSkybox":true,"showFlares":true,"showImageEffects":true,"showParticleSystems":true,"showVisualEffectGraphs":true,"m_FxEnabled":true},"in2DMode":false,"pivot":{"x":-1.0696372985839844,"y":5.733189582824707,"z":-1.6135454177856446},"rotation":{"x":-0.03376169875264168,"y":0.9235084056854248,"z":-0.08362920582294464,"w":-0.3728279769420624},"size":10.941356658935547,"orthographic":false}